{
  "validation": {
    "logreg": {
      "f1": 0.9861111111111112,
      "accuracy": 0.9824561403508771,
      "precision": 0.9861111111111112,
      "recall": 0.9861111111111112
    },
    "rf": {
      "f1": 0.9655172413793104,
      "accuracy": 0.956140350877193,
      "precision": 0.958904109589041,
      "recall": 0.9722222222222222
    },
    "svc": {
      "f1": 0.9861111111111112,
      "accuracy": 0.9824561403508771,
      "precision": 0.9861111111111112,
      "recall": 0.9861111111111112
    },
    "mlp": {
      "f1": 0.9645390070921985,
      "accuracy": 0.956140350877193,
      "precision": 0.9855072463768116,
      "recall": 0.9444444444444444
    }
  },
  "best_model": "logreg"
}